date_of_shout,time_of_shout,time_boat_launched,time_boat_returned,pager_code,what_three_words,location_of_shout,core_lat_long,shout_details,shout_details_tags,crew_on_board,crew_on_shore,weather_at_time_of_shout
21/07/2023,15:05,15:20,16:15,9992167,,Inchtavvanch channel,"56.0901146882635, -4.617763927445251","Call on channel 16 saying swimmer in water, interpreted wROng by someone as distress. On arrival it way a safety boat calling other boats to warn of swimmer in water. Stood down and returned to base","FalseAlarm, Miscellaneous","RB, TR, AM,CS","GH, DON",sunny
19/07/2023,18:44,19:00,20:15,333,,Ardlui,"56.30200229959834, -4.720781936098027",17' Fletcher speedboat with 1 male occupant had suffered mechanical failure and was drifting just south of Ardlui. The boat and occupant were put on a long tow and taken back to their berth at ROwardenNone,"Mechanical, Rescue, Transport","RB, CG, TR, ABJ, AM","RO, ABS","Sunny, windy"
16/07/2023,11:10,11:10,12:15,999,,InveRBeg,"56.14545006003698, -4.661915903592648","Concern  for missing kayaker that hasnt returned to car, search carried out and found north of ROss isles on east shore, person ok but gave lift back to his car","Search, Rescue","RB, RO, GH",None,"West wind,heavy showers"
08/07/2023,09:44,09:55,10:30,333,,Duckbay,"56.01681400723627, -4.611093212845342",Reports of a small craft adrift out in fROnt of Duckbay. After a quick search the small tender was located on the shore line. Small craft was found to be damaged and was removed fROm the water.,"Environmental, Miscellaneous","DS, AM, AJM","TR, DO",sunny
05/07/2023,18:49,19:04,20:04,222,,Boturich shore,"56.027043486219625, -4.595378734373894",Crew were paged to a small bayliner with an engine fault bROken down just off of Boturich shore. Vessel was towed back to Loch Lomond marina and secured to its mooring. Crew returned to Duncan Mills and stood down.,"Mechanical, Rescue, Transport","ABS, EM, JB, CG","RB, AM","Dry, sunny"
25/06/2023,10:15,10:30,12:30,333,,Island I Vow,"56.27784147304578, -4.697057124375418","Report of a vessel drifted fROm beach with no persons onboard. Caller informed Police Scotland that he was on the beach and required assistance to retrieve the vessel. LLRB launched to support, once on scene  crew quickly located the caller who advised local campers were able to assist retrieve his vessel, all being well LLRB stood down and returned to base.","Rescue, Assistance","AM, GH","DON, DS, KM",heavy showers
29/06/2023,17:02,17:15,17:45,333,,Boturich,"56.027043486219625, -4.595378734373894","Cuddy drifted ashore onto Boturich shore line with 4 on board, boat taken back to duncan mills","Rescue, Transport","IG, DS, AM, EM",RB,clear sky
28/06/2023,23:11,23:25,00:48,333,,TaRBet,"56.20448674375026, -4.706992883671947","LLRB paged to assist male who had kayaked acROss the Loch fROm the A82 side but was now stranded on the west highland way after suffering damage to his inflatable , male & his kayak were taken to Luss pier to meet his family and return home , LLRB stood down returning to base at 00:48","Rescue, Transport","DON, IG , TR , JB , LEE",None,dry
26/06/2023,18:09,18:20,19:32,333,,Boturich Shore,"56.027043486219625, -4.595378734373894",Crew paged to assist Jet ski that was ashore on Boturich area after taken on water. Crew assisted the 2 males & the jet ski back to Duncan mills slip way,"Rescue, Search","DS, CC, AJM, JB , AM","RB , TR","dry,sunny"
26/06/2023,13:42,13:58,15:55,999,, between Luss & Culag,"56.11446491899399, -4.643670467566543","Concern for the welfare of a female reported to be threatening to enter the water between Luss & the culag.
LLRB crew & police Scotland officer’s conducted shore & water searches with the assistance of police Scotland helicopter.
Crew stood down after female traced safe & well in Glasgow","Mechanical, Rescue, Transport","DON, RB, GH ,ABJ, KM","TR , EM","sunny,showers"
25/06/2023,20:45,20:55,22:10,333,,Balmaha,"56.08459827199982, -4.542697209857901","Report of a maxum bowrider with engine failure after hitting the bottom and becoming bottomed out on the sandbank. Two crew members entered the water, attached ROpe to boat and boat was towed back to Duncan Mills slip.","Rescue, Environmental","DS, EM, TR, KMC",None,Dry
24/06/2023,19:33,19:52,20:50,222,,luss,"56.10297731643803, -4.637896988771806","BROken down speed boat, crew arrived on scene and towed boat back to location of origin at Duncan mills slipway","Mechanical, Rescue, Transport","ABJ, PD, JB, GH",None,"sunny,clear"
17/06/2023,10:42,11:03,11:45,333,,Inchmoan,"56.08075210746216, -4.614132881887583","Concern for the welfare of a female left stranded on the island , female was located by crew and taken back to Duncan mills slipway where she was left in the care of police Scotland.","Mechanical, Rescue, Transport","DS , AJM , AM",None,"dry,sunny"
15/06/2023,17:22,17:35,17:50,999,,CameROn house marina,"56.0100189835276, -4.601882852629276","Reports of pedal boat drifting towards the marina at CameROn house , Stood down once launched when shore crew confirmed pedal boat was safely ashore after been assisted by others , Police Scotland helicopter also in attendance","Medical, Rescue, Transport","DON, ABJ, AJM","JB , RB , DAVY , ABJ , IG , CC",sunny
14/06/2023,19:15,19:08,21:15,222,,duck bay marina,"56.015875525440634, -4.608751849497498",Crew were out on training when flagged down by a member of the public to a bROken down ski south of duck bay marina with 1 person on board. Crew then secured the Jetski and towed it back to Duncan mills slipway.,"Medical, Transport","RB, ABS, DON, JB, EM, GD",None,"Sunny, dry"
14/06/2023,01:40,01:55,01:56,333,,Inch murrin,"56.04811544523519, -4.605581156131115",Paged by police Scotland to assist 4 males on 2 bROken down jet skis. As LLRB were launching both skis returned with one ski under power towing the second.,"Medical, Rescue, Transport","ABJ, RB, DS, DON",None,"Warm, dark"
10/06/2023,16:59,17:15,18:30,333,,Inchconnachan,"56.08995118730318, -4.617059973069642",BROken down jet ski with two adults. Located jet ski in area reported and towed back to Duncan Mills slip.,"Medical, Rescue, Transport","DS, IG,AM",None,"Dry ,sunny, choppy"
08/06/2023,16:28,16:30,17:15,333,,Burn foot,"56.02779579554197, -4.628601374959271",23ft Cruiser missed mooring and ended up gROunded. Located boat and towed to deeper water and helped boat back onto mooring,"Mechanical, Rescue, Transport","GH, DS, RB,TR",None,"windy,sunny"
08/06/2023,14:28,14:40,15:30,333,,Duck bay,"56.01563834439784, -4.60969103488198",BROken down speed boat north of Duck bay. Boat located and towed back to Duncan Mills slip,"Mechanical, Rescue, Transport","DS, GH","RB, TR","windy ,sunny"
08/06/2023,16:00,16:00,16:20,333,,burnfoot,"56.02779579554197, -4.628601374959271","Pioneer  pat with one occupant blow to shore whilst fishing, due to westerly blowing wing couldn’t get off shoreline, assorted of and made own way south to home Berth","Rescue, Transport","RB, TR, DS, GH",None,"Westerly wind,sunny"
06/06/2023,20:15,20:30,21:15,999,,inchlonaeig,"56.10735743288316, -4.607340415011798","Bowrider with 4 persons on board bROken down due to engine failure, rescue boat took bROken down boat via tow to ducan Mills slipway,","Mechanical, Rescue, Transport","RB, DS, ABJ, EM, JB",None,Sunny
06/06/2023,16:58,17:22,21:15,333,,CameROn House,"56.01273744931318, -4.604861467000909",Paged to pROvide assistance to a bROken down boat with 1 person on board. We launched and located the boat east of CameROn House. The boat was towed back to safety at Duncan Mills slipway.,"Medical, Rescue, Transport","RB, ABJ, JB",None,"Sunny, dry"
05/06/2023,01:31,01:45,02:44,999 0210,,Inchmurrin spit,"56.05088096606834, -4.603218646384661","Paged by police Scotland after request fROm Scottish ambulance service to attend inch murrin spit due to male having chest pains. Crew launched immediately and located the male and his partner, male was taken to DMMS where ambulance was waiting.","Mechanical, Rescue, Transport","ABJ,ABS, CG, DS, PD, AM",None,Dry
04/06/2023,17:47,17:55,19:10,333,,Boturich Shoreline,"56.026852232234205, -4.59561768852705","LLRB were requested by Police Scotland to pROvide medical and transport support to an incident with reports of a female collapsed just below Boturich Castle on the Eastern shore of the Loch Lomond.  Once launched LLRB liaised with Police and Ambulance crew at Balloch Park slipway and pROceeded to transport the Ambulance crew to the incident. Once on scene LLRB pROvided support to Ambulance crew and reassurance the the casualty, once the Ambulance crew were satisfied the casualty was stable enough to travel LLRB then transported the casualty and Ambulance crew to Balloch Park where an ambulance was waiting for further observations and onward treatment at hospital.  LLRB informed Police Service Overview and returned to our summer station at Duncan Mills Memorial Slipway.","Medical, Rescue, Transport","AM, TAM, EM,AJM","PD, CC,DS","hot, windy"
04/06/2023,15:39,15:45,16:20,333,,Inchtavanch (bandry),"56.08592089317244, -4.626319359358851",Two adults on an inflatable kayak which burst on their return journey. The occupants made their way back to shore and called for assistance. LLRB launched to assist and transfer them back to aldochlay.,"Rescue, Transport","TR, AM, EM, AM",None,Sun
30/05/2023,13:52,13:52,16:00,333,,Inchmoan,"56.0827281246468, -4.608704286464475",Paged by police Scotland to assist male who had swam ashore after his  jet ski had bROken down. LLRB uNoneble to launch due to a mechanical issue with our winch. LLTNP attended and conveyed both the male and his jet ski to DMMS,"Mechanical, Rescue, Medical, Transport","ABJ, RB, TR, AM",RO,VERY HOT 
29/05/2023,19:01,19:30,20:10,999,, Ardlui marina.,"56.30200229959834, -4.720781936098027","18ft boat lost power,Boat launched then stood down as some one fROm marina assisted.","Mechanical, Rescue, FalseAlarm","DS, GH, DO,AM, ABJ, JB",None,"Sunny, dry"
28/05/2023,15:46,16:02,17:00,333,,Firkin point,"56.17076221214633, -4.675747700532873","2 children in a dinghy blown off beach , children were rescued by passing vessel and assisted ashore , rescue boat crew went ashore & assessed children speaking with parent & police , will all in order and children safe LLRB stood down returning to base","Rescue, Miscellaneous","DS , GH , AJM , AM , JB , ABS","TR , EM",sunny
27/05/2023,16:03,16:20,19:00,999,,ROwardenNone,"56.15876301240135, -4.644993148210679","Paged by Police Scotland to assist with an incident on the West Highland Way whereby a male had fallen aROund 15 feet. LLRB deployed to the scene along with LLTNP Rangers and Scottish Ambulance Service, despite efforts of all involved the male was sadly pROnounced dead at the scene. LLRB thanks the bystanders who assisted prior to our arrival and sends our deepest condolences to the Family and friends of the deceased.","Rescue, Medical, Miscellaneous","ABJ, EM, DON, AJM",None,"Dry, sunny, moderate wind"
27/05/2023,14:38,15:11,16:00,222,,Inchmurrin & inchmoan island,"56.068587683054254, -4.612523822036331","18ft speedboat with 2 adults 2 children & dog onboard with engine failure , vessel & occupants towed to Balloch","Mechanical, Rescue, Medical, Transport","AM , AJM , DS",None,"Light,light showers"
19/05/2023,18:03,18:24,18:52,999,,Bandry Bay,"56.080472668459116, -4.638900704747123","Paged to assist a vessel with 3 persons on board that had ran agROund at Bandry Bay Reported to have 1 person with medical concerns. Once on scene vessel was already on tow by NPA, LLRB crew boarded vessel and assessed casualty & with no further medical assistance required vessel was assessed for damage before making own way back to CameROn house marina.","Miscellaneous, Environmental, Rescue","RB , DS , AJM",None,"Dry, light"
15/05/2023,18:57,19:20,20:03,222,,River Leven,"56.005509613694294, -4.583046139893509",Boat fROm one of the cruising clubs had been bROken into and set adrift down the River,"Miscellaneous, Transport","RB, CC, AM, ABJ,ABS, DS",None,"sunny,cold"
10/05/2023,20:00,20:00,21:00,222,,Inchmurrin Island,"56.05088096606834, -4.603218646384661","Jetski out of fuel, flagged down LLRB whilst we out for training. No phones onboard. Towed to Duck Bay to dROp one person off to collect van, and then pROceeded to Duncan Mills Slip with ski","Mechanical, Rescue, Transport","PBT, RB, IG","ABS, JB",Calm
07/05/2023,18:57,19:11,20:45,333,,Aldochlay,"56.084618606452864, -4.637123338245827",Vessel with 1 adult male on board with no power & stranded. Vessel was towed to Luss pier & secured for the night with crew thereafter transferring the owner to Ardlui in order for him to collect his car and get safely home.,"Medical, Rescue, Transport","DS , AM , GH , EM",None,"light,dry"
07/05/2023,10:23,10:30,11:15,999,,Inchcailloch,"56.105080767965546, -4.608475330543024",23 year old female had seizure in early morning after camping overnight on Inchcailloch. Crew deployed fROm Luss and recovered a walking casualty. Casualty was transferred by rescue boat to a waiting ambulance at Balmaha pier,"Medical, Rescue, Transport","CMS, AM, PBT",None,"Cloudy, calm"
06/05/2023,00:52,01:10,02:30,999,,CameROn house,"56.01355512495057, -4.606948982515803",Paged by police Scotland to assist in area search after reports of 2 young children sighted on a lilo at appROx 2330hrs. LLRB attended and carried out area search with negative result.,"Rescue, Search","ABJ, DS, DON, GH ",RB,"Dry, foggy"
04/05/2023,15:07,15:30,15:50,999,,Luss,"56.10297731643803, -4.637896988771806","2x capsized kayaks, with three persons reported in water. 2 persons already ashore when we launched, LLRB commenced search for for 3rd person who was eventuAM located onshore.","Rescue, Search","RB, PBT, AJM","GH, TR","Windy, 1 foot waves"
23/04/2023,14:40,15:00,16:20,333,,InchFad,"56.08382700802031, -4.576045634919164","Crew were alerted by Police Scotland of a demasted sailing dinghy with no crew onboard floating  a quarter mile off Inchfad island. Crew immediately began a search coordiNoneting with Police ContROl, after an extensive search was conducted LLRB made contact with a local sailing club who confirmed a dinghy fROm the club had maNoneged to become free and float away, the club retrieved it uNoneware a call for safety was placed. Crew advised Police and stood down.","Miscellaneous, Rescue","AM, TAM, PBT, EM, GH",None,"Fair, gusty North westerly"
24/04/2023,11:21,11:45,12:58,333,,Inchmoan,"56.0827281246468, -4.608704286464475","Paged to recover stranded person fROm inchmoan island after his companion left him stranded there overnight following a disagreement. Shore search for female then undertaken resulting in kayak been located near Loch Lomond golf club , Police Scotland traced female at her home address allowing us to stand down now that all parties safe & well","Search, Miscellaneous","DON, GERARD  , TR , PBT , AM",RB,"sunny,dry"
12/03/2023,12:02,10:30,13:35,999,,Duncan Mills Slip Way,"56.00811093271105, -4.59079415208642",Crew made aware of two persons fallen into the water fROm a small vessel near to Duncan mill’s slipway. Both had maNoneged to get out of the water & Crew pROvided casualty care to both persons ashore before they where fit to be discharged an hour later,"Search, Rescue","DON, GERARD  ,AM , RO , PBT",None,"raining,light"
11/03/2023,01:24,01:45,03:16,999,,Ardleish,"56.302096397621014, -4.707269511522368",Assist Police Scotland mountain rescue team in the search of 4 Lost persons on the west highland way last known location near to Ardleish. Once on arrival at Ardlui mountain rescue located the lost party and assisted them fROm the west highland way.,"Mechanical, Rescue, Transport","DON , ABJ , EM , JT",None,"dry,dark"
26/02/2023,12:30,12:45,13:40,333,,InchMurrin,"56.05088096606834, -4.603218646384661","Report fROm Police Scotland of a 5.5m Rigid Hull Inflatable Boat with 2 persons onboard (and dog) with engine tROuble and drifting. LLRB quickly identified the vessel and ensured all crew were safe and after a quick assessment secured the vessel for tow to Duncan Mills Memorial Slipway, Balloch. Once alongside at Balloch the crew then returned to station and stoodown","Rescue, Transport","AM, GH",None,"sunny,calm"
19/02/2023,11:30,11:30,12:00,333,,River Leven,"56.00608547822173, -4.584934414978779",Crew Aletered to small boat with gear pROblems drifting in River Leven. Crew towed boat RO Moss of Balloch Slip Way,"Medical, Rescue, Transport","AM, GH, DON, EML",None,"Light Rain, Slight Wind"
10/02/2023,12:09,12:21,13:06,999,,Luss ,"56.10297731643803, -4.637896988771806","Female paddle boarding in difficulty due to high winds uNoneble to get back to shore. Incident involved rescue boat , NPA , Police & ambulance. Female assessed by ambulance staff at boat shed & discharged at scene.","Rescue, Transport","GH , RB , AJM , EM",DON,"Wet and windy,daylight"
09/02/2023,14:06,14:30,15:30,999 1682,,Boturich Shore,"56.02743427307566, -4.595328081972665","Small motoRBoat with 3 persons onboard ran agROund on ROcks near Boturich Shore. Their pROpeller was damaged and engine taken out of action. Due to the ROcky location, two crew fROm LLRB had to enter the water to reach the boat and  attach a tow line. The boat was towed to Duncan Mills slipway.","Mechanical, Rescue, Transport","RB, DS S, TR, KM.",None,"Cold, fair, light winds, Slight chop"
23/12/2022,14:08,14:35,16:10,222,,Doune Bothy,"56.29304250371002, -4.695885531178942","19yr old male casuAM walking the WHW twisted his left knee , slightly injured , casuAM did not want any medical treatment ,  advised him to seek medical treatment when he can if injury gets worse, taken to Ardlui to waiting police officers they will take him to train station.","Medical, Rescue, Environmental, Transport","RB , IG , RO , JT , GH",None,Wet
19/12/2022,14:13,14:35,16:00,9991701,, I-Vow,"56.277763746784515, -4.696937813171928",Paged by Police Scotland to assist male stranded on West Highland Way due to weather conditions causing a bridge over a waterfall to be washed away. Walker was uNoneble to continue and was taken to Ardlui Hotel.,"Rescue, Environmental, Medical, Transport","ABJ,ABS, RB, IG, JT",None,"Rain,sLEEt, high winds"
27/11/2022,01:06,01:06,01:28,999,, Loch Lomond Aquarium,"56.006626579770206, -4.592068482384204",Female in the water within the lagoon at Loch Lomond aquarium,"Medical, Rescue, Transport","DON, AJM , JT , ABJ",None,"Dark, dry"
21/11/2022,11:30,12:05,13:20,999,,Inchfad,"56.08382700802031, -4.576045634919164","Reports of two paddle boarder in difficulty, one in water. Caught out by high winds. One wasnt wearing correct attire for out in water. Luckily this one did not enter the water. Both had PFDS on. Treated for minor sings of hypothermia and transported back to millaROchy bay and got warmed up and changed in there car","Rescue, Medical, Transport","RB, TR, GD, AJM",None,"Cold, north easterly wind"
25/10/2022,01:30,01:30,02:05,999,,Loch Lomond shores,"56.006626579770206, -4.592068482384204",Crew tasked to assist police scotland with a female in the water at the lagoon within Loch Lomond shores,"Rescue, Environmental","RO , DON , AJM , PBT",None,"Dark, dry"
17/10/2022,11:33,11:33,13:40,222,,ROwardenNone,"56.15876301240135, -4.644993148210679","Collect Scottish ambulance service crew at ROwardenNone jetty & assist them in locating a 32yom who was suffering a suspected allergic reaction.
Crew along with ambulance staff completed shore search prior to male been found on the high ROad by mountain rescue team. Handed to ambulance crew for assessment","Medical, Rescue, Transport","RB , AM , TR",None,"Wet, light"
23/10/2022,13:29,13:52,15:00,333,,duck bay,"56.01563834439784, -4.60969103488198","Object in the water blue in colour , helium balloon recovered fROm the water by crew","Medical, Rescue, Transport","DON, RB , PBT , AJM , GH",None,"Raining,light"
17/10/2022,10:37,11:10,13:00,999,,ROwcosh bothy,"56.20193894999748, -4.6845914036549035","Male not well WHW details scetchy as was foreign NonetioNonel and did not have what 3 words, 5km north of ROwerdeNone, was actuAM on top path at viewing point above ROwcosh bothy.As above, once location identified it was passed to Lomond MRT to get casualty with assistance fROm air ambulance paramedics and SAS ambulance in stand by","Miscellaneous, Environmental","RB, TR, AJM",None,"North wind, heavy swells,driving rain"
03/10/2022,23:07,23:20,01:00,999,,Drumkinnon bay,"56.00661139538463, -4.596942932987792",Paged by police Scotland to assist in ongoing incident within drumkinnon bay whereby there was a person within the water. LLRB attended immediately and after removing the person fROm the water LLRB pROvided medical care prior to the arrival of the ambulance. LLRB stood down and returned to base. The individual recovered fROm the water suffered no injury.,"Medical, Rescue","ABJ, AM, RO, GH , DON, DS, JT, PBT",None,"Light rain, stROng winds"
24/09/2022,20:00,20:27,20:27,9994432,,Drumkinnon Bay,"56.00661139538463, -4.596942932987792","Paged by Police Scotland to assist police,Scottish fire and rescue to remove female fROm the water at Drumkinnon Bay , about to leave DMMS police overview stood LLRB down , female came out the water on her own to police and ambulance","Medical, Rescue, Environmental","JT , AM, ABS",TR,Dry
13/09/2022,20:13,20:25,22:25,999 1324,, MallaROchy Bay,"56.099521360909606, -4.563431774147899",Reports of a male on an upturned laser between Inchfad and Inchcailloch. After a short search the male was actuAM located on the North side of Inchfad. The casualty was recovered to an ambulance at MillaROchy Bay and the laser was righted and towed back to the sailing club.,"Mechanical, Rescue, Transport","CG, IG, RO, AM",None,"Clear,calm"
11/09/2022,08:53,09:04,11:00,999,, inchmoan,"56.0827281246468, -4.608704286464475","16ft fishing Vessel with two males on board out of ROwardenNone suffering engine failure , vessel was towed to balmaha & 1 occupant was thereafter transported by rescue boat to ROwardenNone to collect his vehicle & trailer","Medical, Rescue, Transport","DON , AJM, GH, RO",None,"Dry,light"
08/09/2022,17:36,17:48,20:50,333,,I Vow island,"56.277763746784515, -4.696937813171928","Female walker who had sustained an ankle injury following a fall , female was able to pROvide what 3 words to emergency services which got us to her location. Female was assessed by our crew , treated , packaged and transported to awaiting ambulance at Inveruglas","Medical, Rescue, Transport","DON,GERARD , AJM ,RO ,IG ,EM , DS","RB, TR","Daylight turning dark,rain showers"
06/09/2022,12:09,12:25,14:09,333,,TaRBet,"56.20448674375026, -4.706992883671947","Called out by police Scotland, Located Male and female walkers fROm What 3 words ,taken unwell while walking the west highland way sickness, high temperatures LLRB crew carried out primary medical survey  on both casualties , assisted casualties onto LLRB conveyed to MilarROchy bay campsite , casualties did not want ambulance assistance. Spoke with Police Scotland contROl happy for LLRB to stand down return to Duncan Mill Slipway","Medical, Rescue, Transport","JT , AJM, DON , IG",None,"Dry , cloudy"
03/09/2022,17:18,17:28,18:25,333,,Little Ireland,"56.080515940237966, -4.582972938746762","Police Scotland called LLRB out Female Paddle boarder in tROuble uNoneble to get back to MilarROchy  bay , located female by what 3 words treated her for mild hypothermia, taken to MilarROchy bay to waiting police officers ambulance not required","Medical, Rescue, Transport","ABJ,JT, DON",None,"StROng winds , heavy rain"
02/09/2022,15:45,16:00,17:20,333 2265,,inchmoan,"56.0827281246468, -4.608704286464475","BROken down 17ft bow rider with 3 adults onboard, towed to simon’s yard in river leven","Mechanical, Rescue, Transport","RB JT ,GH, DON",None,Slight easterly swell
30/08/2022,17:32,17:32,19:00,333,,Inch conNonechan,"56.08999907141294, -4.615257528670066","After arriving back at DMMS fROm a previous shout, crew were made aware of a bit which had bROken down on the south west side of inch conNonechan. LLRB attended, located the vessel and towed it back to DMMS","Mechanical, Rescue, Transport","ABJ, GH , AJM",None,dry
30/08/2022,15:11,15:20,17:30,999,,Inch Cailloch,"56.07932539432166, -4.556913076095861","Paged by Police Scotland due to concerns for an unknown male who had launched fROm Balmaha in a small inflatable “ids toy” style dingy, without a life jacket. LLRB attended and posed with police as did the NPA. The male was located and our concerns due to his vessel and lack of a life jacket or safety equipment were explained to the male. LLRB then conveyed the male back to Balmaha  where he spoke with police","Mechanical, Rescue, Transport","ABJ, TR, GH , AJM",None,Dry
24/08/2022,14:25,14:45,16:00,333,,Loch Lomond Golf Course,"56.00803490314589, -4.600737850126115",LLRB were called to assist a boat suffering mechanical failure just out fROm Loch Lomond Golf Course. After locating the stricken vessel our crew secured a tow line and began the tow back to CameROn House marina.,"Mechanical, Rescue, Transport","ABJ, TR, GH",None,"Light wind,sunny"
23/08/2022,15:00,15:10,16:55,333,,InveRBeg,"56.146496106662575, -4.660243173922467",Paged by police Scotland to assist boat which had run agROund on InveRBeg sandbar causing damage to the engine. LLRB attended as did NPA and located boat which was towed to Luss pier where the owner repaired the damage and returned to balloch under his own power,"Mechanical, Rescue, Transport","ABJ, RB, GH , JT",ABS,"Dry, cloudy"
14/08/2022,21:00,21:05,21:03,333,,Torrinch,"56.06984429562838, -4.56873974602854",12foot jet boat. Engine tROuble. 2 males on board,"Mechanical, Rescue, Transport","RO, AM, GH, EM, AJM",DON,"Choppy, wind, lighting"
14/08/2022,20:00,20:15,21:00,333369,,loch lomond golf club,"56.00803490314589, -4.600737850126115","25ft boat. Engine tROuble. 2Adults, 2 Children on board","Mechanical, Rescue, Transport","RO, AM, GH, EM, AJM",DON,"Choppy waters,Wind,Lighting"
13/08/2022,12:39,12:55,14:17,333,,InveRBeg,"56.146496106662575, -4.660243173922467",BROken down rib at InveRBeg. The rib was located just south of InveRBeg on the shore with its 3 occupants. The boat was towed by LLRB to DMS,"Mechanical, Rescue, Transport","RB, DS, TR, EM, JT",None,"Warm,sunny"
08/08/2022,17:54,18:00,18:25,9992804,,Balloch castle Jetty,"56.01259466002678, -4.589535332254012","Engine failure and stranded on shore / ROcks ,4 persons onboard checked all are okay , rescue crew removed vessel off shoreline, towed alongside rescue boat back to DMMS","Mechanical, Rescue, Transport","JT, AM, DS","RB, IG , CC , PD , DS","Calm , cloudy"
01/08/2022,16:30,16:30,16:40,222,,CameROn Bay,"56.01290756495266, -4.605857354557195","On return fROm our first shout of the day we were hailed by a passing paddleboarder who was assisting 2 x females in a toy inflatable. On appROach it became apparent they had lost one of the inflatables paddles oveRBoard and were struggling due to the direction of the wind, it was also noted that both occupants were not wearing lifejackets. LLRB assisted by taking the females aboard the St John and returned them to the shore with suitable words of advice given.","Mechanical, Rescue, Transport","AM, JT, AJM, DS",None,Brisk Northerly wind
01/08/2022,14:43,14:55,16:40,999 1977,,TaRBet,"56.20448674375026, -4.706992883671947","Report of a women on the WHW with abdomiNonel pains, feeling very Noneuseous and uNoneble to continue her walk. Once on scene LLRB Crew with the assistance of the LLNP Rangers assessed the casualty, during the obersvations it became apparent she hadn't ate much or taken enough fluids over the course of the day,  LLRB monitored the casualty and once she was stable took her and her friend over to TaRBet to allow them to continue their journey","Mechanical, Rescue, Transport","AM, JT, AJM,DS",ABJ,"Fair,Northerly winds"
31/07/2022,01:35,01:45,03:30,999,,ROwardennen,"56.155673139243554, -4.64406388017064","Assist with Scottish Ambulance service, walker has scalded her lower right leg with hot boiling water, on arrival Sort ambulance staff treating casualty, took casualty onto LLRBoat to ROwardennen pier to meet with Ambulance personnel","Medical, Rescue, Transport","RO, DS , JT,ABS ,",None,Dry
28/07/2022,18:41,18:50,19:50,3032,,ROwardenNone,"56.15876301240135, -4.644993148210679","Paged by police Scotland due to reports of an item floating in the water which was thought to be a body. LLRB attended as did Scottish Fire and Rescue Service, Police Scotland and Scottish Ambulance Service. Upon arrival members of the public directed LLRB to the floating item in question. This was in fact a mooring buoy. LLRB and Police Scotland deemed the incident to be a false alarm with good intent and LLRB stood down.",FalseAlarm,"ABJ, AM, GH , DS, DON",None,Heavy rain
12/09/2023,18:32,18:52,19:10,333,,Inchmurrin hotel,"56.05088096606834, -4.603218646384661","18ft speedboat lost power, maNoneged to drift to jetty at inchmurrin, towed to DMMS","Mechanical, Rescue, Transport","RB, DON",None,"Clear,sunny"
07/09/2023,12:45,12:55,13:20,333,,Bouturch and inchmurrim,"56.04038849751229, -4.601246221574798",23 ft Draco bROken down towed to DMMS,"Mechanical, Rescue, Transport","RB ,DS ,RO",AM,Fab
05/09/2023,14:44,15:00,16:00,333,,Loch Lomond Golf Course,"56.00803490314589, -4.600737850126115",Reports of a bROken down jetski off the shore of Loch Lomond Golf Course with 2 males on board. LLRB assembled and made way to the location. On scene LLRB attached a tow line to the jet ski and towed them safely back to CameROn House marina.,"Mechanical, Rescue, Transport","TR, ABS, GH",None,"Sunny,light wind"
05/09/2023,18:21,18:21,20:15,333,,In the water near MilarROchy bay,"56.0990665719351, -4.562487636605264","Requested by police to search for and assist 2 paddle boarders struggling in the water , once on scene we commenced a search locating the first casualty some distance fROm shore , the first casualty was bROught on the rescue boat and treated for effects of the cold before the crew pROceeded to collect her friend who had maNoneged to get ashore. 
Both casualties & their boards were taken back to milarROchy bay and assessed by crew before been discharged to travel home","Rescue, Medical, Transport","DON , RO , GH  , AJM",None,"Light,cold"
05/09/2023,17:30,17:37,20:15,333,,Near to Loch Lomond golf course,"56.06217957000646, -4.627376178404234","Vessel with 2 adults on board that had suffered mechanical failure , vessel was secured on a tow and taken to its berth on the River leven at balloch","Mechanical, Rescue, Transport","DON , GH  , AJM, RO",None,"Sunny,light"
31/08/2023,20:23,20:35,21:35,999,,luss,"56.10297731643803, -4.637896988771806",Member of public called in reports of person in water flashing light and calling for help. Rescue Boat made to area and carried out search with nothing to report. LLRB stood down and returned to base.,"Mishap, Environmental","DS,CG,GH,ABJ",None,"Dry,dark"
27/08/2023,15:53,16:08,16:55,333,,boutorich boathouse,"56.031167348661114, -4.593760219589967","15ft Maryland cabin cruiser hit ROcks in too close to shore, no boating experience",Miscellaneous,"RB ,ABJ, TR, CG",None,"Showery, westerly breeze"
19/08/2023,16:45,11:00,17:00,222,,Ardlui,"56.05088096606834, -4.603218646384661","Charity day, on return to Balloch we were informed by member of public that a jet ski towing an inflatable had bROken down at the speed markers","Mechanical, Rescue, Transport","ABS, TR, EM, DO",None,"Rain, stROng southerly wind"
27/08/2023,13:49,14:00,14:40,333,,inchmurrin,"56.05088096606834, -4.603218646384661","21ft bayliner lost power, towed to DMMS","Mechanical, Rescue, Transport","RB, TR ,FR",None,"Overcast, sunny spells"
26/08/2023,19:03,20:58,20:58,333,,Inchmoan,"56.0827281246468, -4.608704286464475","Vessel with 4 adults & 3 children on board suffering mechanical failure , vessel & occupants towed to the river leven at balloch and safely berthed allowing the rescue boat to stand down","Environmental, Medical, Rescue, Transport","DS , GH , DS",None,"Rainy,light"
26/08/2023,22:00,00:00,23:20,222,,inchmurrin,"56.05045207483461, -4.604535200252212","Whilst on previous shout we were made aware of a 18ft bay liner capri with 6 adults onboard with engine tROuble, adults were extremely intoxicated all had life jackets on and vessel towed to Balamaha",Miscellaneous,"RB, DS, GH, CG","DON,JB","Flat light, misty"
26/08/2023,20:45,21:00,23:15,999,,Inchmurrin,"56.05088096606834, -4.603218646384661","Reports of a Fire/Smoke within  a 24 ft sea ray sports cruiser with 3 adults and 5 year old onboard, crew launched and made best way to incident scene. We requested fROm police Scotland on launching for SAS to be requested to attend DMMS  and if possible Rescue 199 due to Noneture of call. On scene 15 mins fROm initial call out where we transferred occupants to lifeboat, due to possible smoke inhalation and for medical care we left the stranded boat and took injured party’s to DMMS. On arrival SAS that was requested before launch were not present , when asking for ETA the contROl had boat asked for them yet !  Two crew were left with the casualty’s and rest of crew back out to attend with boat.","Medical, Assistance","RB, DS, CG, GH, JB, DON",Ab,"Calm flat night,fine mist,darkness"
23/08/2023,19:00,19:15,20:45,training,,Training,None,Training,"FalseAlarm, Miscellaneous","ABS, GH, VM",None,"Dry, calm"
18/08/2023,19:15,19:25,21:00,333,,Inchmurrin Island,"56.05072287116426, -4.601770098602036","Requested to assist Scottish Ambulance service , no other details on tasking available.","Mechanical, Rescue, Transport","DON , IG , GH  , ABJ, EM , TR",None,"Dry light, windy"
15/08/2023,13:15,00:00,00:00,999,,Luss,"56.10297731643803, -4.637896988771806","Police Scotland tried to page us for cardiac arrest at luss pier at 12:56, no page 
Phoned coxswain at 13:15 who then set pagers off with 999. Crew stood down on way to launch boat as two SAS crew in attendance  and assistance wasn’t required.","Mechanical, Rescue, Transport",None,"RB, IG, TR, GH","Calm,close"
06/08/2023,19:26,19:35,20:05,333,,inchmurrin,"56.05072287116426, -4.601770098602036","Reports of a 20 ft speed boat with ROpe tangled aROund the pROp. ROpe could not be removed fROm pROp in water, due to being a master craft on shaft. Boat was towed back to Duncan Mills slip. And crew stood down",Miscellaneous,"DS, AM, GH, ABS",TR,"Dry, cloudy"
06/08/2023,14:58,15:10,15:49,333,,Inchmurrin,"56.05072287116426, -4.601770098602036",24 ft speedboat with engine failure reported just off of inchmurrin. 6 persons on board and one dog. Boat safely towed back to CameROn house marina.,"Medical, Rescue, Transport","Ds,AM, EM","RB, TR","Warm, dry"
06/08/2023,10:15,10:15,12:35,training,,Crew Training,None,"Crew Training, Island Familiarisation and River Leven",Miscellaneous,"AM, PD ,DS, VM ,GH, EM",ABJ,"Good, clear"
29/07/2023,17:40,17:50,20:35,333,,Inversnaid,"56.2475881893975, -4.688138697853918","Report of a walker on WHW with suspected bROken ankle, on arrival at scene it was later determined to be a dislocated knee cap, casualty was prepared for travel and taken to Inveruglas to awaiting Scottish Ambulance Service for further treatment","Mechanical, Rescue, Transport","AM, EM, GH, TR",RB,Overcast
30/07/2023,15:29,15:45,17:00,333,,Little Ireland between Inchfad and Inchcruin.,"56.08395926617169, -4.584623205412202",Targa 45,"Mechanical, Rescue, Transport","RO, CG, GD, GH",None,"Dry,windy"
25/07/2023,22:26,22:38,23:45,222,,Inchmoan,"56.0827281246468, -4.608704286464475","2 adults on a Jet ski that had suffered engine failure leaving it & them stranded on the island , crew assisted them to rescue boat and then towed the jet ski back to Duncan mills slip way",Miscellaneous,"DS , GH , TR , PD , JB ",None,"Dark, showers"
25/07/2023,15:55,16:08,17:30,222,,Just off the shore at ROss Priory,"56.055957004062705, -4.548091813060597","18ft boat with 2 adults & 2 children on board that had struck the bottom and now had engine failure.
With everyone on board safe and well the vessel was towed to its berth on the River Leven.","Medical, Rescue, Transport","DS, DS , TR , JB",None,"Light, dry"
21/07/2023,15:05,15:20,16:15,222,,Inchtavvanch channel,"56.08801753763617, -4.62043981604273","Call on channel 16saying swimmer in water, interpreted wROng by someone as distress. On arrival it way a safety boat calling other boats to warn of swimmer in water. Stood down and returned to base",Miscellaneous,"RB ,TR ,AMD","GH, DON",sunny
19/07/2023,18:44,19:00,20:15,222,,Ardlui,"56.30200229959834, -4.720781936098027",17' Fletcher speedboat with 1 male occupant had suffered mechanical failure and was drifting just south of Ardlui. The boat and occupant were put on a long tow and taken back to their berth at ROwardenNone,"FalseAlarm, Rescue","RB, CG, TR, ABJ, AM","RO, ABS","Sunny, windy"
16/07/2023,11:10,00:00,12:15,333,,InveRBeg,"56.146496106662575, -4.660243173922467","Consern  for missing kayaker that hasn’t returned to car, search carried out and found north of ROss isles on east shore, person ok but gave lift back to his car","Mechanical, Rescue, Transport","RB, RO, GH",None,"West wind, heavy showers"
08/07/2023,09:44,09:55,10:30,333,,Duckbay,"56.01681400723627, -4.611093212845342",Reports of a small craft adrift out in fROnt of Duckbay. After a quick search the small tender was located on the shore line. Small craft was found to be damaged and was removed fROm the water.,Search,"DS, AM, AJM","TR, DO","Dry,warm"
05/07/2023,18:49,19:04,20:04,222,,Boturich shore,"56.02823471894687, -4.595288227273365",Crew were paged to a small bayliner with an engine fault bROken down just off of Boturich shore. Vessel was towed back to Loch Lomond marina and secured to its mooring. Crew returned to Duncan Mills and stood down.,"Mechanical,Transport","ABS, EM, JB, CG","RB, AM","Dry, sunny"
25/06/2023,10:15,10:30,12:30,222,,Island I Vow,"56.277763746784515, -4.696937813171928","Report of a vessel drifted fROm beach with no persons onboard. Caller informed Police Scotland that he was on the beach and required assistance to retrieve the vessel. LLRB launched to support, once on scene  crew quickly located the caller who advised local campers were able to assist retrieve his vessel, all being well LLRB stood down and returned to base.","Miscellaneous,Assistance","AM, GH","DON, DS, KM",Blustery showers heavy at times
29/06/2023,17:02,17:15,17:45,222,,Boturich,"56.02743427307566, -4.595328081972665","Cuddy drifted ashore onto Boturich shore line with 4 on board, boat taken back to duncan mills",Transport,"IG, DS, AJM, EM",RB,Clear
28/06/2023,23:11,23:25,00:48,999,,TaRBet,"56.20448674375026, -4.706992883671947","LLRB paged to assist male who had kayaked acROss the Loch fROm the A82 side but was now stranded on the west highland way after suffering damage to his inflatable , male & his kayak were taken to Luss pier to meet his family and return home , LLRB stood down returning to base at 00:48",Rescue,"DON, IG , TR , JB , LEE",None,"Dry,dark"
26/06/2023,18:09,18:20,19:32,222,,Boturich Shore,"56.02823471894687, -4.595288227273365",Crew paged to assist Jet ski that was ashore on Boturich area after taken on water. Crew assisted the 2 males & the jet ski back to Duncan mills slip way,Assistance,"DS , CC , AJM , JB , AM","RB , TR",Dry sunny
26/06/2023,13:42,13:58,15:55,999,,between Luss & Culag,"56.11417297362023, -4.642883233398504","Concern for the welfare of a female reported to be threatening to enter the water between Luss & the culag.
LLRB crew & police Scotland officer’s conducted shore & water searches with the assistance of police Scotland helicopter.
Crew stood down after female traced safe & well in Glasgow","Rescue,Medical","DON , RB , GH  ,ABJ , KM","TR , EM","Sunny, with showers"
25/06/2023,20:45,20:55,22:10,222,,Balmaha,"56.08459827199982, -4.542697209857901","Report of a maxum bowrider with engine failure after hitting the bottom and becoming bottomed out on the sandbank. Two crew members entered the water, attached ROpe to boat and boat was towed back to Duncan Mills slip.",Mechanical,"DS, EM, TR, KMC",None,Dry
24/06/2023,19:33,19:52,20:50,222,,luss,"56.10183211666065, -4.636544710349645","BROken down speed boat, crew arrived on scene and towed boat back to location of origin at Duncan mills slipway","Mechanical,Transport","ABJ, PD, JB, GH",None,"Sunny,clear"
17/06/2023,10:42,11:03,11:45,333,,Inchmoan Island,"56.0827281246468, -4.608704286464475","Concern for the welfare of a female left stranded on the island , female was located by crew and taken back to Duncan mills slipway where she was left in the care of police Scotland.",Medical,"DS , AJM , AM",None,"Dry, light"
15/06/2023,17:22,17:35,17:50,222,,CameROn house marina,"56.00975902157756, -4.602036092965727","Reports of pedal boat drifting towards the marina at CameROn house , Stood down once launched when shore crew confirmed pedal boat was safely ashore after been assisted by others , Police Scotland helicopter also in attendance","Assistance,Mishap","DON , ABJ, AJM","JB , RB , ABJ , IG , CC","Sunny,light"
14/06/2023,19:15,19:08,19:08,222,,duck bay marina,"56.015875525440634, -4.608751849497498",Crew were out on training when flagged down by a member of the public to a bROken down ski south of duck bay marina with 1 person on board. Crew then secured the Jetski and towed it back to Duncan mills slipway.,"Mechanical,Transport","RB, ABS, DON, JB, EM, GD",None,"Sunny, dry"
14/06/2023,01:40,01:55,01:56,222,,Inch murrin,"56.04811544523519, -4.605581156131115",Paged by police Scotland to assist 4 males on 2 bROken down jet skis. As LLRB were launching both skis returned with one ski under power towing the second.,"Mechanical,Transport,Assistance","ABJ, RB, DS, DON",None,"Warm, dark"
10/06/2023,16:59,17:15,18:30,222,,Inch CoNonechaan,"56.08999907141294, -4.615257528670066",BROken down jet ski with two adults. Located jet ski in area reported and towed back to Duncan Mills slip.,Mechanical,"DS, IG,AM",None,"Dry ,sunny, choppy"
08/06/2023,16:28,16:30,17:15,222,,Burn foot,"56.02779579554197, -4.628601374959271",23ft Cruiser missed mooring and ended up gROunded. Located boat and towed to deeper water and helped boat back onto mooring,"Mechanical,Transport","GH, DS, RB,TR",None,"Windy, sunny"
08/06/2023,14:28,14:40,15:30,222,,Duck bay.,"56.01563834439784, -4.60969103488198",BROken down speed boat north of Duck bay. Boat located and towed back to Duncan Mills slip,Mechanical,"DS, GH","RB, TR","Windy, sunny"
08/06/2023,16:00,00:00,16:20,222,,burnfoot farm,"56.02779579554197, -4.628601374959271","Pioneer  pat with one occupant blow to shore whilst fishing, due to westerly blowing wing couldn’t get off shoreline, assorted of and made own way south to home Berth",Assistance,"RB ,TR ,DS ,GH",None,"Westerly wind, sunny"
06/06/2023,20:15,20:30,21:15,222,,inchlonaeig,"56.10735743288316, -4.607340415011798","Bowrider with 4 persons on board bROken down due to engine failure, rescue boat took bROken down boat via tow to ducan Mills slipway,","Mechanical, Rescue, Transport","RB, DS, ABJ, EM, JB",None,Sunny
06/06/2023,20:15,20:30,21:15,222,,inchlonaeig,"56.10735743288316, -4.607340415011798",Bowrider,None,"RB,DS, ABJ, EM, JB",None,Sunny
06/06/2023,16:58,17:22,17:46,222,,CameROn House,"56.01341592362814, -4.6063881142782295",Paged to pROvide assistance to a bROken down boat with 1 person on board. We launched and located the boat east of CameROn House. The boat was towed back to safety at Duncan Mills slipway.,"Mechanical,Transport","RB, ABJ, JB",None,"Sunny, dry"
05/06/2023,01:31,01:45,02:44,999,,Inch murrin spit,"56.04811544523519, -4.605581156131115","Paged by police Scotland after request fROm Scottish ambulance service to attend inch murrin spit due to male having chest pains. Crew launched immediately and located the male and his partner, male was taken to DMMS where ambulance was waiting.","Medical,Rescue","ABJ,ABS, CC, DS, PD, AM",None,Dry
04/06/2023,17:47,17:55,19:10,999,,Boturich Shoreline,"56.026852232234205, -4.59561768852705","LLRB were requested by Police Scotland to pROvide medical and transport support to an incident with reports of a female collapsed just below Boturich Castle on the Eastern shore of the Loch Lomond.  Once launched LLRB liaised with Police and Ambulance crew at Balloch Park slipway and pROceeded to transport the Ambulance crew to the incident. Once on scene LLRB pROvided support to Ambulance crew and reassurance the the casualty, once the Ambulance crew were satisfied the casualty was stable enough to travel LLRB then transported the casualty and Ambulance crew to Balloch Park where an ambulance was waiting for further observations and onward treatment at hospital.  LLRB informed Police Service Overview and returned to our summer station at Duncan Mills Memorial Slipway.","Medical,Transport","AM, TAM, EM, AJM","PD, CC,DS",hot
04/06/2023,15:39,15:45,16:20,999,,Inchtavanch (bandry),"56.084503441674606, -4.627904030366266",Two adults on an inflatable kayak which burst on their return journey. The occupants made their way back to shore and called for assistance. LLRB launched to assist and transfer them back to aldochlay.,Assistance,"TR, AM, EM, AM",None,Sun
30/05/2023,13:52,13:52,16:00,999,,Inchmoan ,"56.081320056417496, -4.609252850575954",Paged by police Scotland to assist male who had swam ashore after his  jet ski had bROken down. LLRB uNoneble to launch due to a mechanical issue with our winch. LLTNP attended and conveyed both the male and his jet ski to DMMS,"Mechanical,Assistance","ABJ, RB, TR, AM",RO,hot
29/05/2023,19:01,19:30,20:10,222,,Ardlui marina,"56.30200229959834, -4.720781936098027",18ft boat,None,"DS, GH, DO,AM, ABJ, JB",None,"Sunny, dry"
28/05/2023,15:46,16:02,17:00,999,,Firkin point,"56.17076221214633, -4.675747700532873","2 children in a dinghy blown off beach , children were rescued by passing vessel and assisted ashore , rescue boat crew went ashore & assessed children speaking with parent & police , will all in order and children safe LLRB stood down returning to base","Assitance,Enviromental","DS , GH , AJM , AM , JB , ABS","TR , EM","Sunny, light"
27/05/2023,16:03,16:20,19:00,999,,ROwardenNone,"56.15876301240135, -4.644993148210679","Paged by Police Scotland to assist with an incident on the West Highland Way whereby a male had fallen aROund 15 feet. LLRB deployed to the scene along with LLTNP Rangers and Scottish Ambulance Service, despite efforts of all involved the male was sadly pROnounced dead at the scene. LLRB thanks the bystanders who assisted prior to our arrival and sends our deepest condolences to the Family and friends of the deceased.","Medical,Assistance","ABJ, EM, DON, AJM",None,"Dry, sunny, moderate wind"
27/05/2023,14:38,15:11,16:00,222,,between inchmurrin and inchmoan island,"56.069380018837066, -4.604644912039524","18ft speedboat with 2 adults 2 children & dog onboard with engine failure , vessel & occupants towed to Balloch","Mechanical,Rescue","AM , AJM , DS",None,"Light, light showers"
19/05/2023,18:03,18:24,18:52,999,,Bandry Bay,"56.080472668459116, -4.638900704747123","Paged to assist a vessel with 3 persons on board that had ran agROund at Bandry Bay Reported to have 1 person with medical concerns. Once on scene vessel was already on tow by NPA, LLRB crew boarded vessel and assessed casualty & with no further medical assistance required vessel was assessed for damage before making own way back to CameROn house marina.","Mechanical,Rescue","RB , DS , AJM",None,"Dry,light"
15/05/2023,18:57,19:20,20:03,222,,River Leven,"56.005509613694294, -4.583046139893509",Boat fROm one of the cruising clubs had been bROken into and set adrift down the River,"Mechanical,Mishap","RB, CC, AM, ABJ,ABS, DS",None,"Sunny,cold"
10/05/2023,20:00,20:00,21:00,222,,Inchmurrin Island,"56.05088096606834, -4.603218646384661","Jetski out of fuel, flagged down LLRB whilst we out for training. No phones onboard. Towed to Duck Bay to dROp one person off to collect van, and then pROceeded to Duncan Mills Slip with ski","Mechanical,Assistance","PBT, RB, IG","ABS, JB",Calm
07/05/2023,18:57,19:11,20:45,222,,Aldochlay,"56.084618606452864, -4.637123338245827",Vessel with 1 adult male on board with no power & stranded. Vessel was towed to Luss pier & secured for the night with crew thereafter transferring the owner to Ardlui in order for him to collect his car and get safely home.,"Mechanical,Rescue","DS , AM , GH , EM",None,"Light,Dry"
07/05/2023,10:23,10:30,11:15,999,,Inchcailloch Port Bawn Pier,"56.07658832896479, -4.560506051593131",23 year old female had seizure in early morning after camping overnight on Inchcailloch. Crew deployed fROm Luss and recovered a walking casualty. Casualty was transferred by rescue boat to a waiting ambulance at Balmaha pier,"Medical,Transport","CS, AM, PBT",None,"Cloudy, calm, 12 degrees"
06/05/2023,00:52,01:10,02:30,333,,CameROn house,"56.013746573616984, -4.606883746890796",Paged by police Scotland to assist in area search after reports of 2 young children sighted on a lilo at appROx 2330hrs. LLRB attended and carried out area search with negative result.,"Assistance,Search","ABJ, DS, DON, GH ",RB,"Dry, foggy"
04/05/2023,15:07,15:30,15:50,333,,Luss shore,"56.10183211666065, -4.636544710349645","2x capsized kayaks, with three persons reported in water. 2 persons already ashore when we launched, LLRB commenced search for for 3rd person who was eventuAM located onshore.","Rescue,Search","RB, PBT, AJM","GH, TR","Windy, 1 foot waves"
23/04/2023,14:40,15:00,16:20,999,,InchFad,"56.08382700802031, -4.576045634919164","Crew were alerted by Police Scotland of a demasted sailing dinghy with no crew onboard floating  a quarter mile off Inchfad island. Crew immediately began a search coordiNoneting with Police ContROl, after an extensive search was conducted LLRB made contact with a local sailing club who confirmed a dinghy fROm the club had maNoneged to become free and float away, the club retrieved it uNoneware a call for safety was placed. Crew advised Police and stood down.","Mishap,Search","AM, TAM ,PBT, EM, GH",None,"Fair, gusty North westerly"
24/04/2023,11:21,11:45,12:58,999,,Inchmoan,"56.0827281246468, -4.608704286464475","Paged to recover stranded person fROm inchmoan island after his companion left him stranded there overnight following a disagreement. Shore search for female then undertaken resulting in kayak been located near Loch Lomond golf club , Police Scotland traced female at her home address allowing us to stand down now that all parties safe & well",Search,"DON , GERARD  , TR , PBT , AM",RB,"Sunny,dry"
12/03/2023,12:02,10:30,13:35,999,,Duncan Mills Slip Way,"56.0079429819153, -4.590686863729303",Crew made aware of two persons fallen into the water fROm a small vessel near to Duncan mill’s slipway. Both had maNoneged to get out of the water & Crew pROvided casualty care to both persons ashore before they where fit to be discharged an hour later,Rescue,"DON , GERARD  ,AM , RO , PBT",None,"Raining,light"
11/03/2023,01:24,01:45,03:16,333,,Ardleish,"56.302096397621014, -4.707269511522368",Assist Police Scotland mountain rescue team in the search of 4 Lost persons on the west highland way last known location near to Ardleish. Once on arrival at Ardlui mountain rescue located the lost party and assisted them fROm the west highland way.,Search,"DON , ABJ , EM , JT",None,"Dry,dark"
26/02/2023,12:30,12:45,13:40,999,,InchMurrin,"56.05088096606834, -4.603218646384661","Report fROm Police Scotland of a 5.5m Rigid Hull Inflatable Boat with 2 persons onboard (and dog) with engine tROuble and drifting. LLRB quickly identified the vessel and ensured all crew were safe and after a quick assessment secured the vessel for tow to Duncan Mills Memorial Slipway, Balloch. Once alongside at Balloch the crew then returned to station and stoodown","Mechanical,Assistance","AM, GH",None,"Sunny,calm"
19/02/2023,11:03,11:03,12:00,999,,River Leven,"56.005509613694294, -4.583046139893509",Crew Aletered to small boat with gear pROblems drifting in River Leven. Crew towed boat RO Moss of Balloch Slip Way,Transport,"AM,GH, DON,EM",None,"Light Rain, Slight Wind"
10/02/2023,12:09,12:21,13:06,999,,Luss,"56.10297731643803, -4.637896988771806","Female paddle boarding in difficulty due to high winds uNoneble to get back to shore. Incident involved rescue boat , NPA , Police & ambulance. Female assessed by ambulance staff at boat shed & discharged at scene.","Enviromental,Rescue","GH , RB , AJM , EM",DON,"Wet ,windy, daylight"
09/02/2023,14:06,14:30,15:30,999,,Boturich Shore,"56.02743427307566, -4.595328081972665","Small motoRBoat with 3 persons onboard ran agROund on ROcks near Boturich Shore. Their pROpeller was damaged and engine taken out of action. Due to the ROcky location, two crew fROm LLRB had to enter the water to reach the boat and  attach a tow line. The boat was towed to Duncan Mills slipway.","Mechanical,Rescue","RB, DS, TR, KM",None,"Cold but fair, light winds. Slight chop."
24/07/2022,00:08,00:20,03:30,222 4380,,Ardleish jetty,"56.302096397621014, -4.707269511522368","camper tent flooed due to burn bursting banks, flash flooding","Medical,Rescue","ABS, EM, DS",None,"Torrential rain, stROng wind"
23/07/2022,12:05,12:05,00:00,222,,Arden House,"56.027678867839434, -4.628753973925852","bROken down boat, towed to DMMS","Mechanical,Transport","EM ,DS",None,"WET, CHOPPY"
19/07/2022,14:48,15:00,00:00,999,,Inchmoan,"56.0827281246468, -4.608704286464475","male with heat stROke, assited and transffered to SAS at DMMS",Medical,"ABJ AJM ,IG ,AM, JT","ABS, FR, RB",VERY HOT 
19/07/2022,20:56,21:10,00:00,999 3665,,Inchfad,"56.08382700802031, -4.576045634919164",bROken down speedboat with 7 aboard,Mechanical,"CG ,IG ,DS ,AM, DON, EM",None,WARM OVERCAST
17/07/2022,22:22,22:35,00:00,333,,Inchmoan,"56.081320056417496, -4.609252850575954","bROken down boat , towed to DMMS","Mechanical,Transport","AM ,PD, DS, GH ,AJ",None,"DRY, WARM"
16/07/2022,18:07,18:07,00:00,333,,ISLANDS,"56.08822185192247, -4.619201252495064","Multiple reports of a flare above islands, search completed nothing found","FalseAlarm,Search","JT, TR",None,"DRY, CLOUDY"
16/07/2022,18:07,18:22,00:00,222,,INCHMURRIN,"56.05088096606834, -4.603218646384661",jetski withengine failure towed to DMMS,Mechanical,"JT, TR",None,"DRY, CLOUDY"
16/07/2022,16:03,16:10,00:00,333 2428,,Inveruglas,"56.25024823007158, -4.71121932222366",fishing boat with mechanical failure towed to ardlui,Mechanical,"JT, TR",None,"DRY, CLOUDY"
11/07/2022,18:58,19:10,00:00,333 3077,,MillaROchy bay,"56.09921019008633, -4.562530551948111",person of concern on paddle board without pfd,Assistance,"RB, GH, JT, CG, AJM",None,CLOUDY
11/07/2022,18:13,18:13,18:13,333,,Balloch park,"56.012799165863, -4.588990376921557","Reports of person in tROuble in water, stood down before launch",Rescue,"RB, GH, JT, CG ",None,WARM OVERCAST
10/07/2022,19:55,20:10,00:00,999,,LUSS,"56.10183211666065, -4.636544710349645",Male struggling on paddle boat drifting towards inchloaNoneig,Assistance,"CG ,RO, TR ,EM ,ABJ ,PD",None,BEAUTIFUL
10/07/2022,12:15,12:25,00:00,333,,Aedleish jetty ,"56.2993669719612, -4.701335813383964",Male with ankle injury,"Medical,Assistance","TR, EM, JT",None,Sunny
09/07/2022,22:39,22:50,00:00,999,,Luss,"56.10297731643803, -4.637896988771806","male with baby onboard bROken down on boat, search carried out noo boat found","Search,Mechanical","TR ,AM ,DO ,EM ,ABJ, PD",None,Calm
09/07/2022,20:18,20:30,00:00,333,,Inchloanaig,"56.106352307316946, -4.606589396511974",two females on kayak struggling to get back to luss,Assistance,"TR, DO ,EM ,AM ,ABJ, AB",None,"SUNNY, WINDY"
06/07/2022,20:11,20:25,00:00,333,,Ardleish jetty,"56.2993669719612, -4.701335813383964",Female falled and sustained injury to left eye,Medical,"TR IG ,FR ,PD ,EM ,DO ,AM",None,"DRY, GUSTY"
06/07/2022,18:21,18:30,00:00,333 2673,,Inchloanaig,"56.106352307316946, -4.606589396511974",4 persons and 1 dog on kayaks cant getback to luss dueto winds,"Environmental,Assistance","AM, AB ,GH ,TR, EM",None,Blustery north west wind
04/07/2022,17:40,17:55,00:00,333,,Inchtavanach,"56.085753280782676, -4.624216507559344",2 persons on unsuitable water craft trying to get back to aldoclay when it sunk and they swam to shore,"Assistance,Rescue","RB,GH ,DON ,JT",None,EASTERY WIND
04/07/2022,07:10,07:25,00:00,333,,Inchmurrin,"56.05088096606834, -4.603218646384661","boat missing when woke up fROm camping, boat was only20 mtrs ROund point",Assistance,"RB,GH ,DON ",None,"EATERY WIND, FINE RAIN"
25/06/2022,14:20,14:20,14:25,999,,Inch tavanach,"56.086495558686266, -4.626662682101626",Paged by police Scotland to assist 2 kayakers in difficulty due to the wind conditions. Stood down prior to arrival as NPA patROl boat rendered assistance to kayakers.,"Environmental,Assistance","ABJ ,TR ,GH ,EM ,JT",None,"Sunny, stROng easterly wind"
14/06/2022,14:09,14:30,15:30,3331753,,ROss isles,"56.05725118371005, -4.551687670736802",15ft speedboat lost pROpulsion,Mechanical,"ABJ, JT, DON, RB",ABJ,"Overcast, no wind, small chop"
05/06/2022,13:18,13:30,13:45,999,,Luss campsite,"56.1064911877108, -4.637130072210182",Reports of 1 person on a small dingy being blown out fROm shore. LLRB launched and made the short journey to the scene where no dingy or person in tROuble could be found. The rescue boat searched the surROunding area and again found nothing. An update fROm Police Scotland confirmed that there wasn't any dingy or person in tROuble but it was infact a jetski that had since left the scene. LLRB stood down.,"Search,Enviromental","TR, AM, GH","RB, IG","Clear sky, light wind"
05/06/2022,16:30,16:45,00:00,3332585,,Inchloanaig,"56.10738136412435, -4.605473597597951","Bayliner bow rider with 6 adults 2 kids and a dog, fuel pump failure. Towed to DMMS at balloch",Mechanical,"RB,IG,TR,GH,DON",None,"Lovely, stiff breeze fROm easy,chop"
05/06/2022,18:30,00:00,00:00,222,,Luss pier,"56.10297731643803, -4.637896988771806",Assorted boat with engine tROuble to luss pier,Mechanical,"RB, IG, GH,TR, DON",None,Magic
05/06/2022,18:40,00:00,19:40,222,,Inchloanaig,"56.10738136412435, -4.605473597597951","Seadoo jetski with tow ROpe stuck in impeller, crew removed tow ROpe and took passengers to luss","Mechanical,Transport","RB, IG, GH, TR, DON",None,Glorious
04/06/2022,12:05,12:05,00:00,222,,island ivow,"56.277763746784515, -4.696937813171928","Injured runner on WHW Ankle and hip injury, walking wounded no SAS assistance required, taken to ROwerdenNone to meet wife",Medical,"RB, IG, GH, ABJ","GD, CG","Hot, sharp breeze, chop"
28/05/2022,20:25,20:40,00:15,333,,InchConnachan,"56.08995118730318, -4.617059973069642",Assist fire service to InchConnachan boat house,Assistance,"RB, JT",None,Dry
20/05/2022,17:37,17:50,21:20,999 2784,squabbles.frame.interview,Inversnaid,"56.2475881893975, -4.688138697853918","62YO female suffering back pain after multiple falls on Conic Hill two days earlier. She was walking WHW with her husband, and a third party came acROss them when she was uNoneble to walk due to pain. Lomond MRT initiAM tasked and passed incident to LLRB, we attended and after searching located the couple. Medical care given on scene, and couple transported to Inversnaid hotel where they passed over to Scottish Ambulance Service.",Medical,"RO, AM, PBT, KM, JT",None,"Overcast, wind"
17/05/2022,20:20,20:40,23:15,999,,Inversnaid (ROb ROy's Cave),"56.23960762859186, -4.684713932170649",Assistance required for a hillwalker who had fallen ill whilst walking the West Highland Way. Location was given using what 3 words app as near to ROb ROy's Cave. Crew located the walking party and assisted the unwell person down the hill to the boat and onwards to a waiting Ambulance at TaRBet.,Medical,"RO,CG,EM,PBT,KM,JT",None,Blustery
16/05/2022,13:20,13:35,14:40,999 1448,,Lagganbeg caravan park,"56.05508785856868, -4.533460622593705","Report of upturned inflatable canoe in the water. LLRB and NP Rangers responded. Upon inspection canoe suspected to belong to person's rescued fROm water few days earlier by NP Rangers. Contact made with them, and their description of the canoe matched. Rangers took canoe back to DMS for collection by the owners, all stood down.","Rescue,Transport","ABS, PBT, JT, KM",None,"Low cloud cover, misty and raining, reduced visibility"
10/05/2022,15:26,15:30,17:00,999 1919,,InchMoan,"56.0827281246468, -4.608704286464475","Blue and White Bayliner run ashore on remains of old walkway between Inchmoan and Inch Galbraith. Boat was pushed then towed off into deep safe waters, where they were able to restart their engine and continue on their way",Assistance,"RB, AM, PBT, AJM, JT",None,"Westerly wind, sunny with clouds,intermittent showers"
10/05/2022,15:07,15:30,17:00,333 1846,informed.totals.guests,between Boturich and ROss Priory,"56.04477897807447, -4.575224862517516","Wooden fishing dinghy suffered engine failure, prevailing westerly winds and waves had pushed them into shoreline. LLRB responded and towed them back to Duncun Mills Slipway, where with assistance fROm fellow fishermen they made their own way back down the river Leven to their berth.",Mechanical,"RB, AM, PBT, AJM, JT",None,"Westerly wind, sunny with clouds,intermittent showers"
01/05/2022,10:11,10:15,12:15,999 1087,,between Port Bawn and Torinch,"56.07595814561354, -4.563067545989966","Fishing boat with 3 occupants capsized. 3 persons in water, 4 kayakers were on scene pROviding assistance. 3 person's not wearing lifejackets. Shout attended by LLRB and NonetioNonel Park ""Osprey"". LLRB recovered three casualties and took them to Duncan Mills slipway where they were met by ambulance crews. Casualties assessed and warmed up in ambulance. NP towed capsized boat back to MilarROchy Bay, LLRB then returned to MilarROchy in order to assist in righting the boat and dragging it onto shoreline. Fuel removed fROm boat.",Rescue,"ABJ, ABS, AM, PBT, GH , DON, JT",TR,"Overcast, Flat Calm"
24/04/2022,08:35,09:00,09:55,999,,Duckbay,"56.01681400723627, -4.611093212845342","Reports of two in water, on arrival a sailing dinghy was being assured by NPA boat , this was the reporter of incident. They said they had made shore at. North side of duckbay marina at small beach. SFRS Police scotland SAS and coastguard already on scene. No sign of casualty’s that we’re in water.","Search,Rescue","RB, RO, AJM , PBT, JT",GH,"Easterly wind , medium swell"
22/04/2022,00:20,00:35,01:15,333,,inchlonaeig,"56.10735743288316, -4.607340415011798","4 lads on Jetskis had been out for the afternoon when one jetski started taking on water. 1 lad returned to Luss and raised the alarm. LLRB attended and headed to LoNoneig, where the remaining three lads were waiting. Location was easy as they had lit a fire to keep warm, questioning found that they had been stranded for several hours before the alarm was given. All three lads and their jetski recovered to Luss where they were met by the fourth friend.","Mechanical,Rescue","DS, PBT, GERALD , JT",None,"Breezy, clear night"
21/04/2022,13:56,14:15,15:30,999 1573,,Lomond Shores,"56.006626579770206, -4.592068482384204","Family of 4 (2 adults and 2 children) on two paddle boards reported to be in difficulty due to wind, call came fROm shore sighting.
Boat responded and carried out search, however police updated that family had made it to shore safely.","Enviromental,Search","RB, AM, PBT, KM",None,"Sunny, easterly wind"
02/04/2022,17:29,17:50,18:55,3332563,,InchMurrin Island,"56.05088096606834, -4.603218646384661","Report of a bROken down vessel Northwest of InchMurrin Island with 4 persons onboard, LLRB arrived quickly to the scene and assessed all onboard and began to make preparations to tow to Duncan Mills Memorial Slipway. Once the vessel was secured LLRB returned to station and stood down.",Mechanical,"TR, AM,AJM",None,"Fair, calm"
27/03/2022,20:10,17:29,20:40,222,,Leven River,"56.005509613694294, -4.583046139893509","As we were leaving river after last incident, noticed a boat cutting close inshore ROund the Maid of the Loch Pier. After observing them come to a halt, we checked and found boat's engine had died. We then assisted them down to Riverside pontoons by weir.",Mechanical,"TR, PBT, IG",None,"Clear, calm"
27/03/2022,19:02,19:30,20:40,999 2788,,InchConnachan,"56.08995118730318, -4.617059973069642","3 lads out on jetski for the day, when ski lost all oil pressure. Recovered ski to Balloch Park public slip.",Mechanical,"TR, PBT, IG",None,"Calm , clear evening"
26/03/2022,18:20,18:40,19:05,333 3072,,InchConnachan,"56.08995118730318, -4.617059973069642","Report fROm HM Coastguard of 1 x female reporting her inflatable kayak had deflated and was uNoneble to return to the mainland fROm the Northern shore of InchConnachan. LLRB quickly arrived on scene and assessed the situation, identifying 1 female and 1 male, both were well prepared and in a healthy condition. Once safely onboard the crew then took them  to Aldochlay fROm where they set off. Crew then returned to base and stood down.","Mechanical,Rescue","AM, PBT, GH, AJM",None,"Good, calm"
23/03/2022,18:47,18:55,20:30,333,,Balloch park,"56.01259466002678, -4.589535332254012","2 persons in the water after their 
inflatable kayak malfunctioned causing both occupants to enter the water. 

Both casualties were recovered fROm the water at the moth of the river leven and taken to Duncan Mills Slipway for further treatment.",Rescue,"RO, ABS, TR, GH, EM, JT",None,Calm
20/03/2022,16:14,16:40,17:45,999,,Between Inchmurrin and Duckbay marina,"56.02943056135435, -4.612983086839887","BROken down boat with 7 persons on board, towed to DMS",Mechanical,"CG, ABJ, EM, JT",None,"Dry, sunny , chilly, windy"
20/03/2022,11:30,11:30,13:30,222,,Inchmurrin,"56.05088096606834, -4.603218646384661","Two power boats lost power attempting to return to Duncan Mills Slipway.
One boat was known to be not working, and was being towed by second boat who subsequently bROke down. 
LLRB were passing area going to event at Lomond shores when we were waved down by first boat. 
Boat taken on tow to Duncan Mills slip, before LLRB returned to take second boat under tow.",Mechanical,"AM, PBT, JT",None,"Clear, light Easterly wind, sunshine"
19/03/2022,16:15,16:40,17:15,333,,lonaig,"56.10732578311022, -4.604227154483473",Two adults and a dog in an inflatable kayak,Rescue,"RO, PBT, JT ,GH",None,"Easterly wind,choppy"
14/03/2022,19:50,20:15,21:00,333,,Between Luss and Rowardenan,"56.13439160236831, -4.643253632892516","Paged by police Scotland due to reports of a light flashing in a sequence between Luss and ROwardenNone. Crew attended the locus immediately and carried out a search of the area with negative results for any persons, flashing light deemed to be isolated danger marker","Search,FalseAlarm","ABJ, AM, PT, LS, JT",None,"Dry, darkness"
21/02/2022,12:00,12:20,14:00,222,,Inchconnachan,"56.08995118730318, -4.617059973069642","24ft Norman reg v4730, engine tROuble been camping since last week, towed to DMMS",Mechanical,"RB ,JT ,PBT ,AM","TR,GH","Wild north NonerROws, south stiff breeze, light swells"
21/02/2022,11:49,12:00,12:20,333 1151,,Fraoch Island,"56.098889,�-4.6275","Male and female out paddle boarding and got caught out with weather, male was in water for 40 mins before reaching island. Picked up and taken to boathouse to warm up as there was signs of hypothermia. He was ex RNLI and a current ambulance tech fROm Helensburgh","Medical,Enviromental","RB ,PBT ,GH ,JT","AM,TR","StROng easterly wind, large swell"
20/02/2022,18:38,18:50,20:00,333,,TaRBert,"56.20448674375026, -4.706992883671947","Reports of vulnerable person within the vicinity of the shoreline in TaRBert area  of west coast Loch Lomond . Shore search carried out down to firkin point nothing observed, stood down and returned to base","Search,Medical","RO,IG,ABJD, PBT","RB,TR","Bloody wild snow/hail storms, driving wind"
20/02/2022,17:41,18:00,18:38,999 2465,,Between ROss priory and balmaha,"56.08295845991511, -4.547815977975664","Jet ski failed to return, report of persons in water. Stood down when arrived at scene, person/persons on jet ski swam to shore in water for 1hr, R199 also in attendance",Rescue,"ABJ, RO, TR , PBT, IG",RB,"Driving rain hail, 5/6ft swells"
31/12/2021,13:54,14:01,15:01,333,,Tarbet,"56.20448674375026, -4.706992883671947",28' motor cruiser with no drive and 2 persons on board. Tow given to Loch Lomond caravan park. Crew returned to Luss and stood down,"Mechanical,Transport","DS, IG, CG, GH",RB,"Wet,windy"
25/12/2021,12:00,12:30,14:10,333,,Ardlui,"56.30200229959834, -4.720781936098027",Loss of power,Mechanical,"RB,ABJ,JT,EM",None,"Bluster high winds, varying swell"
20/12/2021,14:25,14:25,15:00,999,,inchmurrin,"56.05088096606834, -4.603218646384661",Paged by police Scotland to reports of a Boat adrift with 4 persons on board including a baby which had suffered engine failure and there was smoke coming fROm the engine bay. Upon arrival boat under tow by member of the public LLRB ensured safety of all on board and stood down,"Mechanical,Rescue","ABJ, IG, EM, AJM, GH ",None,"Dry, cold"
20/11/2021,11:32,12:00,12:35,999,,Fraoch Isle,"56.098889,�-4.6275","Report of capsized vessel with four personnel without lifejackets clinging to the upturned vessel. LLRB quickly launched, once on scene LLRB crew assessed the casualties and treated them for hypothermia and transported them to the boat shed where our colleagues fROm the Scottish Ambulance Service then took custody of the casualties.  LLRB then returned to the site to transport Police Scotland Officers back to Luss. Once back at the shed the crew restocked the medical equipment and returned to pagers.","Environmental,Assistance,Transport","EM, AJM,RB",RB,"Gusty SE wind, ROugh waters"
01/11/2021,11:41,12:00,13:45,333 1456,,Inchcailloch ,"56.07891144537966, -4.559819406107578",Two campers camping on Inchcailloch for the weekend. Water too ROugh for return journey to Portnellan Farm. Boat made way to Island and towed the kayaks and two campers back to Portnellan,"Rescue,Enviromental","IG ,EM,GH",None,"Dry, ROugh water"
31/10/2021,12:49,13:15,13:45,9992336,,sallochy bay,"56.12664709871693, -4.608564304475913",Reports of three persons in water fROm capsized canoe.boat launched and headed to scene where coastguard helicopter had locates casualties. Boat recovered 2 females and 1 male and a dog fROm water. DROpped off at Sallochy to a waiting ambulance.,Rescue,"RO, DS, AM, LS",ABS,Windy
30/10/2021,19:27,20:10,21:50,333 3439,,Ardlui,"56.30200229959834, -4.720781936098027",Walker miss just distance to walk and missed ferry to ardlui,Transport,"DJS,ABS PD",None,"Dark, wet"
23/10/2021,22:45,22:45,23:50,333,,inch lonaig,"56.10732578311022, -4.604227154483473",Paged by police Scotland to assist a boat which had ran out of fuel and had drifted onto the west side of Inch LoNoneig. Boat located and towed to Luss,Mechanical,"ABJ,ABS",None,"Torrential rain, stROng wind"
06/10/2021,16:27,16:57,18:05,999,,Inchmurrin spit,"56.05088096606834, -4.603218646384661",At the time and date stated LLRB were paged by Police Scotland to assist a bROken down 19 foot speed boat on the east side of Inch Murrin near to the spit. After lunching LLRB quickly located the vessel and towed it to Duncan Mills memorial slipway at balloch,"Assistance,Mechanical","ABJ, RB",None,Dry
18/09/2021,16:01,16:25,19:25,999,,Island I Vow,"56.277763746784515, -4.696937813171928",Male had fallen appROximately 40ft fROm the West Highland Way path onto the ROcks below. The casualty had suffered multiple injuries and required urgent medical assistance. Coastguard Rescue 999 was also tasked. LLRB assisted the paramedic package the casualty for extraction to the Rescue Boat then onwards to the aircraft. Injured male was then transferred to the Queen Elizabeth Hospital  for further treatment.,"Medical,Rescue","CG, RB, AM, KM, GH",None,Sunny
29/08/2021,00:42,01:00,04:41,3334906,,InchConnachan,"56.08995118730318, -4.617059973069642",Assist police by transporting them to InchConnachan to deal with a police incident. Police dealt with incident and boat stood down.,Transport,"DS, ABJ",None,"Dry dark, choppy"
26/08/2021,22:20,22:35,00:10,9993743,,Inversnaid,"56.24789816000424, -4.688696597310931",1 male reported lost 5km north of Inversnaid. After arriving in the reported area we started a search and after a short while located the person on the shore line. Safely got the person onto the boat and dROpped him off at Inversnaid hotel safe and well. Boat stood down and returned to base .,"Search,Rescue","DS, IG",None,"Dry dark, choppy"
26/08/2021,20:02,20:15,21:15,999,,Loch Lomond Golf Course,"56.00803490314589, -4.600737850126115","LLRB paged by Police Scotland after a call was made to the Coast Guard reporting a bROken down boat with 9 persons onboard, located close adjacent to Loch Lomond Golf Course. A search was carried out fROm South to North along the West shoreline however no boat was found. It was ascertained that the reporting boat had maNoneged to secure assistance by other means however had not informed the Police or Coast Guard. LLRB stood down.
If a call has been made to the emergency services however assistance is no longer required, this should be communicated as such.",Assistance,"RB, KM",None,"Fair, slight chop, dusk."
24/08/2021,22:17,22:40,00:26,3333630,,Balmaha,"56.08459827199982, -4.542697209857901","Reports of a 18ft Regal bow rider stuck on sandbank at Balmaha. Boat launched and made way to area reported, after a short search the boat was sighted with three adults on board. Boat was  refloated and towed back to it mooring on the river Leven. LLRB stood down and returned to base at 00:26hrs",Assistance,"DS ,IG, AM",None,"Dry, warm"
23/08/2021,16:43,17:05,18:20,333,, between Inch Cailloch and Balmaha,"56.0827775497629, -4.54753937197763","Paged by Police Scotland due to a bROken down large motor cruiser reported as being without engine between Inch Cailloch and Balmaha. Police Scotland pROvided LLRB with the telephone number of the owner of the boat. LLRB contacted the owner and established the location of the boat, that the 4 adults and 3 kids onboard were safe and well, life jackets were onboard and that the boat had its anchor down in the middle of the channel. LLRB located the boat and established that a drive belt had failed and the engine had overheated, suspected due to the non-driven water pump. A tow line was secured and the boat towed back to its berth in the River Leven. LLRB stood down at 1820","Mechanical,Rescue","IG, KM",CC,"Sunny, calm"
15/08/2021,18:24,18:35,20:20,333,,TaRBet,"56.20448674375026, -4.706992883671947","Paged by police Scotland  to assist a boat which had ran out of fuel adrift near to TaRBet, no trace of any boys upon arrival at TaRBet, contacted police who stated boat had gotten fuel fROm a passing boat and no longer required assistance",Assistance,"ABJ, DS, CG, PBT",None,Overcast
14/08/2021,14:09,14:09,15:24,333,,Inchmurrin,"56.05088096606834, -4.603218646384661",Whilst on the water we were informed of a small boat that had suffered engine failure on the North side of Inchmurrin. Our crew made way and located the vessel which had two occupants. Due to the shallow and ROcky shoreline one of our crew entered the water to attach a tow line. The vessel and its occupants were safely towed back to Duncan Mills Slipway. LLRB stood down and returned to base.,Mechanical,"TR, CG, KM",PBT,Windy
14/08/2021,13:08,13:25,15:24,222,,luss,"56.10297731643803, -4.637896988771806","2 persons lost on shore near to ROss Point. Location was confirmed using the ""what three words"" phone application. The two of them were located and recovered fROm shore and onto the rescue boat. They informed our crew that they had paddled fROm Luss on a kayak and had went a walk where they found themselves lost. Our crew located their kayak and left the pair to paddle back to Luss. LLRB stood down and head back to base.","Search,Rescue","TR, CG, KM","PBT, LS",Windy
05/08/2021,13:28,13:40,14:08,3331717,,Duckbay,"56.01681400723627, -4.611093212845342",18 ft speedboat engine failure,Mechanical,"DS, JM, LS","RB,TR","Dry, cloudy"
04/08/2021,17:08,17:19,18:20,999,,Inveruglas,"56.25000980600174, -4.711047660852272","Dinghy with no power, located at inveruglas. Father and 2 young children in board. Was origiNoneM 2 children but father swam out and started boat after it lost power","Mechanical,Rescue","ABJ, RB, IG, CC",TR,Sunny
